title,url,episode,season
Simpsons Roasting on an Open Fire,https://simpsons.fandom.com/wiki/Simpsons_Roasting_on_an_Open_Fire,1,1
Bart the Genius,https://simpsons.fandom.com/wiki/Bart_the_Genius,2,1
Homer's Odyssey,https://simpsons.fandom.com/wiki/Homer%27s_Odyssey,3,1
There's No Disgrace Like Home,https://simpsons.fandom.com/wiki/There%27s_No_Disgrace_Like_Home,4,1
Bart the General,https://simpsons.fandom.com/wiki/Bart_the_General,5,1
Moaning Lisa,https://simpsons.fandom.com/wiki/Moaning_Lisa,6,1
The Call of the Simpsons,https://simpsons.fandom.com/wiki/The_Call_of_the_Simpsons,7,1
The Telltale Head,https://simpsons.fandom.com/wiki/The_Telltale_Head,8,1
Life on the Fast Lane,https://simpsons.fandom.com/wiki/Life_on_the_Fast_Lane,9,1
Homer's Night Out,https://simpsons.fandom.com/wiki/Homer%27s_Night_Out,10,1
The Crepes of Wrath,https://simpsons.fandom.com/wiki/The_Crepes_of_Wrath,11,1
Krusty Gets Busted,https://simpsons.fandom.com/wiki/Krusty_Gets_Busted,12,1
Some Enchanted Evening,https://simpsons.fandom.com/wiki/Some_Enchanted_Evening,13,1
"Bart Gets an ""F""",https://simpsons.fandom.com/wiki/Bart_Gets_an_%22F%22,1,2
Simpson and Delilah,https://simpsons.fandom.com/wiki/Simpson_and_Delilah,2,2
Treehouse of Horror,https://simpsons.fandom.com/wiki/Treehouse_of_Horror,3,2
Two Cars in Every Garage and Three Eyes on Every Fish,https://simpsons.fandom.com/wiki/Two_Cars_in_Every_Garage_and_Three_Eyes_on_Every_Fish,4,2
Dancin' Homer,https://simpsons.fandom.com/wiki/Dancin%27_Homer,5,2
Dead Putting Society,https://simpsons.fandom.com/wiki/Dead_Putting_Society,6,2
Bart vs. Thanksgiving,https://simpsons.fandom.com/wiki/Bart_vs._Thanksgiving,7,2
Bart the Daredevil,https://simpsons.fandom.com/wiki/Bart_the_Daredevil,8,2
Itchy & Scratchy & Marge,https://simpsons.fandom.com/wiki/Itchy_%26_Scratchy_%26_Marge,9,2
Bart Gets Hit by a Car,https://simpsons.fandom.com/wiki/Bart_Gets_Hit_by_a_Car,10,2
"One Fish, Two Fish, Blowfish, Blue Fish","https://simpsons.fandom.com/wiki/One_Fish,_Two_Fish,_Blowfish,_Blue_Fish",11,2
The Way We Was,https://simpsons.fandom.com/wiki/The_Way_We_Was,12,2
Homer vs. Lisa and the 8th Commandment,https://simpsons.fandom.com/wiki/Homer_vs._Lisa_and_the_8th_Commandment,13,2
Principal Charming,https://simpsons.fandom.com/wiki/Principal_Charming,14,2
"Oh Brother, Where Art Thou?","https://simpsons.fandom.com/wiki/Oh_Brother,_Where_Art_Thou%3F",15,2
Bart's Dog Gets an F,https://simpsons.fandom.com/wiki/Bart%27s_Dog_Gets_an_F,16,2
Old Money,https://simpsons.fandom.com/wiki/Old_Money,17,2
Brush with Greatness,https://simpsons.fandom.com/wiki/Brush_with_Greatness,18,2
Lisa's Substitute,https://simpsons.fandom.com/wiki/Lisa%27s_Substitute,19,2
The War of the Simpsons,https://simpsons.fandom.com/wiki/The_War_of_the_Simpsons,20,2
Three Men and a Comic Book,https://simpsons.fandom.com/wiki/Three_Men_and_a_Comic_Book,21,2
Blood Feud,https://simpsons.fandom.com/wiki/Blood_Feud,22,2
Stark Raving Dad,https://simpsons.fandom.com/wiki/Stark_Raving_Dad,1,3
Mr. Lisa Goes to Washington,https://simpsons.fandom.com/wiki/Mr._Lisa_Goes_to_Washington,2,3
When Flanders Failed,https://simpsons.fandom.com/wiki/When_Flanders_Failed,3,3
Bart the Murderer,https://simpsons.fandom.com/wiki/Bart_the_Murderer,4,3
Homer Defined,https://simpsons.fandom.com/wiki/Homer_Defined,5,3
"Like Father, Like Clown","https://simpsons.fandom.com/wiki/Like_Father,_Like_Clown",6,3
Treehouse of Horror II,https://simpsons.fandom.com/wiki/Treehouse_of_Horror_II,7,3
Lisa's Pony,https://simpsons.fandom.com/wiki/Lisa%27s_Pony,8,3
Saturdays of Thunder,https://simpsons.fandom.com/wiki/Saturdays_of_Thunder,9,3
Flaming Moe's,https://simpsons.fandom.com/wiki/Flaming_Moe%27s,10,3
Burns Verkaufen der Kraftwerk,https://simpsons.fandom.com/wiki/Burns_Verkaufen_der_Kraftwerk,11,3
I Married Marge,https://simpsons.fandom.com/wiki/I_Married_Marge,12,3
Radio Bart,https://simpsons.fandom.com/wiki/Radio_Bart,13,3
Lisa the Greek,https://simpsons.fandom.com/wiki/Lisa_the_Greek,14,3
Homer Alone,https://simpsons.fandom.com/wiki/Homer_Alone,15,3
Bart the Lover,https://simpsons.fandom.com/wiki/Bart_the_Lover,16,3
Homer at the Bat,https://simpsons.fandom.com/wiki/Homer_at_the_Bat,17,3
Separate Vocations,https://simpsons.fandom.com/wiki/Separate_Vocations,18,3
Dog of Death,https://simpsons.fandom.com/wiki/Dog_of_Death,19,3
Colonel Homer,https://simpsons.fandom.com/wiki/Colonel_Homer,20,3
Black Widower,https://simpsons.fandom.com/wiki/Black_Widower,21,3
The Otto Show,https://simpsons.fandom.com/wiki/The_Otto_Show,22,3
Bart's Friend Falls in Love,https://simpsons.fandom.com/wiki/Bart%27s_Friend_Falls_in_Love,23,3
"Brother, Can You Spare Two Dimes?","https://simpsons.fandom.com/wiki/Brother,_Can_You_Spare_Two_Dimes%3F",24,3
Kamp Krusty,https://simpsons.fandom.com/wiki/Kamp_Krusty,1,4
A Streetcar Named Marge,https://simpsons.fandom.com/wiki/A_Streetcar_Named_Marge,2,4
Homer the Heretic,https://simpsons.fandom.com/wiki/Homer_the_Heretic,3,4
Lisa the Beauty Queen,https://simpsons.fandom.com/wiki/Lisa_the_Beauty_Queen,4,4
Treehouse of Horror III,https://simpsons.fandom.com/wiki/Treehouse_of_Horror_III,5,4
Itchy & Scratchy: The Movie,https://simpsons.fandom.com/wiki/Itchy_%26_Scratchy:_The_Movie,6,4
Marge Gets a Job,https://simpsons.fandom.com/wiki/Marge_Gets_a_Job,7,4
New Kid on the Block,https://simpsons.fandom.com/wiki/New_Kid_on_the_Block,8,4
Mr. Plow,https://simpsons.fandom.com/wiki/Mr._Plow,9,4
Lisa's First Word,https://simpsons.fandom.com/wiki/Lisa%27s_First_Word,10,4
Homer's Triple Bypass,https://simpsons.fandom.com/wiki/Homer%27s_Triple_Bypass,11,4
Marge vs. the Monorail,https://simpsons.fandom.com/wiki/Marge_vs._the_Monorail,12,4
Selma's Choice,https://simpsons.fandom.com/wiki/Selma%27s_Choice,13,4
Brother from the Same Planet,https://simpsons.fandom.com/wiki/Brother_from_the_Same_Planet,14,4
I Love Lisa,https://simpsons.fandom.com/wiki/I_Love_Lisa,15,4
Duffless,https://simpsons.fandom.com/wiki/Duffless,16,4
Last Exit to Springfield,https://simpsons.fandom.com/wiki/Last_Exit_to_Springfield,17,4
So It's Come to This: A Simpsons Clip Show,https://simpsons.fandom.com/wiki/So_It%27s_Come_to_This:_A_Simpsons_Clip_Show,18,4
The Front,https://simpsons.fandom.com/wiki/The_Front,19,4
Whacking Day,https://simpsons.fandom.com/wiki/Whacking_Day,20,4
Marge in Chains,https://simpsons.fandom.com/wiki/Marge_in_Chains,21,4
Krusty Gets Kancelled,https://simpsons.fandom.com/wiki/Krusty_Gets_Kancelled,22,4
Homer's Barbershop Quartet,https://simpsons.fandom.com/wiki/Homer%27s_Barbershop_Quartet,1,5
Cape Feare,https://simpsons.fandom.com/wiki/Cape_Feare,2,5
Homer Goes to College,https://simpsons.fandom.com/wiki/Homer_Goes_to_College,3,5
Rosebud,https://simpsons.fandom.com/wiki/Rosebud,4,5
Treehouse of Horror IV,https://simpsons.fandom.com/wiki/Treehouse_of_Horror_IV,5,5
Marge on the Lam,https://simpsons.fandom.com/wiki/Marge_on_the_Lam,6,5
Bart's Inner Child,https://simpsons.fandom.com/wiki/Bart%27s_Inner_Child,7,5
Boy-Scoutz 'n the Hood,https://simpsons.fandom.com/wiki/Boy-Scoutz_%27n_the_Hood,8,5
The Last Temptation of Homer,https://simpsons.fandom.com/wiki/The_Last_Temptation_of_Homer,9,5
"$pringfield (Or, How I Learned to Stop Worrying and Love Legalized Gambling)","https://simpsons.fandom.com/wiki/$pringfield_(Or,_How_I_Learned_to_Stop_Worrying_and_Love_Legalized_Gambling)",10,5
Homer the Vigilante,https://simpsons.fandom.com/wiki/Homer_the_Vigilante,11,5
Bart Gets Famous,https://simpsons.fandom.com/wiki/Bart_Gets_Famous,12,5
Homer and Apu,https://simpsons.fandom.com/wiki/Homer_and_Apu,13,5
Lisa vs. Malibu Stacy,https://simpsons.fandom.com/wiki/Lisa_vs._Malibu_Stacy,14,5
Deep Space Homer,https://simpsons.fandom.com/wiki/Deep_Space_Homer,15,5
Homer Loves Flanders,https://simpsons.fandom.com/wiki/Homer_Loves_Flanders,16,5
Bart Gets an Elephant,https://simpsons.fandom.com/wiki/Bart_Gets_an_Elephant,17,5
Burns' Heir,https://simpsons.fandom.com/wiki/Burns%27_Heir,18,5
Sweet Seymour Skinner's Baadasssss Song,https://simpsons.fandom.com/wiki/Sweet_Seymour_Skinner%27s_Baadasssss_Song,19,5
The Boy Who Knew Too Much,https://simpsons.fandom.com/wiki/The_Boy_Who_Knew_Too_Much,20,5
Lady Bouvier's Lover,https://simpsons.fandom.com/wiki/Lady_Bouvier%27s_Lover,21,5
Secrets of a Successful Marriage,https://simpsons.fandom.com/wiki/Secrets_of_a_Successful_Marriage,22,5
Bart of Darkness,https://simpsons.fandom.com/wiki/Bart_of_Darkness,1,6
Lisa's Rival,https://simpsons.fandom.com/wiki/Lisa%27s_Rival,2,6
Another Simpsons Clip Show,https://simpsons.fandom.com/wiki/Another_Simpsons_Clip_Show,3,6
Itchy & Scratchy Land,https://simpsons.fandom.com/wiki/Itchy_%26_Scratchy_Land,4,6
Sideshow Bob Roberts,https://simpsons.fandom.com/wiki/Sideshow_Bob_Roberts,5,6
Treehouse of Horror V,https://simpsons.fandom.com/wiki/Treehouse_of_Horror_V,6,6
Bart's Girlfriend,https://simpsons.fandom.com/wiki/Bart%27s_Girlfriend,7,6
Lisa on Ice,https://simpsons.fandom.com/wiki/Lisa_on_Ice,8,6
Homer Badman,https://simpsons.fandom.com/wiki/Homer_Badman,9,6
Grampa vs. Sexual Inadequacy,https://simpsons.fandom.com/wiki/Grampa_vs._Sexual_Inadequacy,10,6
Fear of Flying,https://simpsons.fandom.com/wiki/Fear_of_Flying,11,6
Homer the Great,https://simpsons.fandom.com/wiki/Homer_the_Great,12,6
And Maggie Makes Three,https://simpsons.fandom.com/wiki/And_Maggie_Makes_Three,13,6
Bart's Comet,https://simpsons.fandom.com/wiki/Bart%27s_Comet,14,6
Homie the Clown,https://simpsons.fandom.com/wiki/Homie_the_Clown,15,6
Bart vs. Australia,https://simpsons.fandom.com/wiki/Bart_vs._Australia,16,6
Homer vs. Patty and Selma,https://simpsons.fandom.com/wiki/Homer_vs._Patty_and_Selma,17,6
A Star is Burns,https://simpsons.fandom.com/wiki/A_Star_is_Burns,18,6
Lisa's Wedding,https://simpsons.fandom.com/wiki/Lisa%27s_Wedding,19,6
Two Dozen and One Greyhounds,https://simpsons.fandom.com/wiki/Two_Dozen_and_One_Greyhounds,20,6
The PTA Disbands,https://simpsons.fandom.com/wiki/The_PTA_Disbands,21,6
'Round Springfield,https://simpsons.fandom.com/wiki/%27Round_Springfield,22,6
The Springfield Connection,https://simpsons.fandom.com/wiki/The_Springfield_Connection,23,6
Lemon of Troy,https://simpsons.fandom.com/wiki/Lemon_of_Troy,24,6
Who Shot Mr. Burns? (Part One),https://simpsons.fandom.com/wiki/Who_Shot_Mr._Burns%3F_(Part_One),25,6
Who Shot Mr. Burns? (Part Two),https://simpsons.fandom.com/wiki/Who_Shot_Mr._Burns%3F_(Part_Two),1,7
Radioactive Man,https://simpsons.fandom.com/wiki/Radioactive_Man,2,7
Home Sweet Homediddly-Dum-Doodily,https://simpsons.fandom.com/wiki/Home_Sweet_Homediddly-Dum-Doodily,3,7
Bart Sells His Soul,https://simpsons.fandom.com/wiki/Bart_Sells_His_Soul,4,7
Lisa the Vegetarian,https://simpsons.fandom.com/wiki/Lisa_the_Vegetarian,5,7
Treehouse of Horror VI,https://simpsons.fandom.com/wiki/Treehouse_of_Horror_VI,6,7
King-Size Homer,https://simpsons.fandom.com/wiki/King-Size_Homer,7,7
Mother Simpson,https://simpsons.fandom.com/wiki/Mother_Simpson,8,7
Sideshow Bob's Last Gleaming,https://simpsons.fandom.com/wiki/Sideshow_Bob%27s_Last_Gleaming,9,7
The Simpsons 138th Episode Spectacular,https://simpsons.fandom.com/wiki/The_Simpsons_138th_Episode_Spectacular,10,7
Marge Be Not Proud,https://simpsons.fandom.com/wiki/Marge_Be_Not_Proud,11,7
Team Homer,https://simpsons.fandom.com/wiki/Team_Homer,12,7
Two Bad Neighbors,https://simpsons.fandom.com/wiki/Two_Bad_Neighbors,13,7
Scenes from the Class Struggle in Springfield,https://simpsons.fandom.com/wiki/Scenes_from_the_Class_Struggle_in_Springfield,14,7
Bart the Fink,https://simpsons.fandom.com/wiki/Bart_the_Fink,15,7
Lisa the Iconoclast,https://simpsons.fandom.com/wiki/Lisa_the_Iconoclast,16,7
Homer the Smithers,https://simpsons.fandom.com/wiki/Homer_the_Smithers,17,7
The Day the Violence Died,https://simpsons.fandom.com/wiki/The_Day_the_Violence_Died,18,7
A Fish Called Selma,https://simpsons.fandom.com/wiki/A_Fish_Called_Selma,19,7
Bart on the Road,https://simpsons.fandom.com/wiki/Bart_on_the_Road,20,7
22 Short Films About Springfield,https://simpsons.fandom.com/wiki/22_Short_Films_About_Springfield,21,7
"Raging Abe Simpson and His Grumbling Grandson in ""The Curse of the Flying Hellfish",https://simpsons.fandom.com/wiki/Raging_Abe_Simpson_and_His_Grumbling_Grandson_in_%22The_Curse_of_the_Flying_Hellfish%22,22,7
Much Apu About Nothing,https://simpsons.fandom.com/wiki/Much_Apu_About_Nothing,23,7
Homerpalooza,https://simpsons.fandom.com/wiki/Homerpalooza,24,7
Summer of 4 Ft. 2,https://simpsons.fandom.com/wiki/Summer_of_4_Ft._2,25,7
Treehouse of Horror VII,https://simpsons.fandom.com/wiki/Treehouse_of_Horror_VII,1,8
You Only Move Twice,https://simpsons.fandom.com/wiki/You_Only_Move_Twice,2,8
The Homer They Fall,https://simpsons.fandom.com/wiki/The_Homer_They_Fall,3,8
"Burns, Baby Burns","https://simpsons.fandom.com/wiki/Burns,_Baby_Burns",4,8
Bart After Dark,https://simpsons.fandom.com/wiki/Bart_After_Dark,5,8
A Milhouse Divided,https://simpsons.fandom.com/wiki/A_Milhouse_Divided,6,8
Lisa's Date with Density,https://simpsons.fandom.com/wiki/Lisa%27s_Date_with_Density,7,8
Hurricane Neddy,https://simpsons.fandom.com/wiki/Hurricane_Neddy,8,8
El Viaje Misterioso de Nuestro Jomer (The Mysterious Voyage of Homer),https://simpsons.fandom.com/wiki/El_Viaje_Misterioso_de_Nuestro_Jomer_(The_Mysterious_Voyage_of_Homer),9,8
The Springfield Files,https://simpsons.fandom.com/wiki/The_Springfield_Files,10,8
The Twisted World of Marge Simpson,https://simpsons.fandom.com/wiki/The_Twisted_World_of_Marge_Simpson,11,8
Mountain of Madness,https://simpsons.fandom.com/wiki/Mountain_of_Madness,12,8
Simpsoncalifragilisticexpiala(Annoyed Grunt)cious,https://simpsons.fandom.com/wiki/Simpsoncalifragilisticexpiala(Annoyed_Grunt)cious,13,8
The Itchy & Scratchy & Poochie Show,https://simpsons.fandom.com/wiki/The_Itchy_%26_Scratchy_%26_Poochie_Show,14,8
Homer's Phobia,https://simpsons.fandom.com/wiki/Homer%27s_Phobia,15,8
Brother from Another Series,https://simpsons.fandom.com/wiki/Brother_from_Another_Series,16,8
"My Sister, My Sitter","https://simpsons.fandom.com/wiki/My_Sister,_My_Sitter",17,8
Homer vs. the Eighteenth Amendment,https://simpsons.fandom.com/wiki/Homer_vs._the_Eighteenth_Amendment,18,8
Grade School Confidential,https://simpsons.fandom.com/wiki/Grade_School_Confidential,19,8
The Canine Mutiny,https://simpsons.fandom.com/wiki/The_Canine_Mutiny,20,8
The Old Man and the Lisa,https://simpsons.fandom.com/wiki/The_Old_Man_and_the_Lisa,21,8
In Marge We Trust,https://simpsons.fandom.com/wiki/In_Marge_We_Trust,22,8
Homer's Enemy,https://simpsons.fandom.com/wiki/Homer%27s_Enemy,23,8
The Simpsons Spin-Off Showcase,https://simpsons.fandom.com/wiki/The_Simpsons_Spin-Off_Showcase,24,8
The Secret War of Lisa Simpson,https://simpsons.fandom.com/wiki/The_Secret_War_of_Lisa_Simpson,25,8
The City of New York vs. Homer Simpson,https://simpsons.fandom.com/wiki/The_City_of_New_York_vs._Homer_Simpson,1,9
The Principal and the Pauper,https://simpsons.fandom.com/wiki/The_Principal_and_the_Pauper,2,9
Lisa's Sax,https://simpsons.fandom.com/wiki/Lisa%27s_Sax,3,9
Treehouse of Horror VIII,https://simpsons.fandom.com/wiki/Treehouse_of_Horror_VIII,4,9
The Cartridge Family,https://simpsons.fandom.com/wiki/The_Cartridge_Family,5,9
Bart Star,https://simpsons.fandom.com/wiki/Bart_Star,6,9
The Two Mrs. Nahasapeemapetilons,https://simpsons.fandom.com/wiki/The_Two_Mrs._Nahasapeemapetilons,7,9
Lisa the Skeptic,https://simpsons.fandom.com/wiki/Lisa_the_Skeptic,8,9
Realty Bites,https://simpsons.fandom.com/wiki/Realty_Bites,9,9
Miracle on Evergreen Terrace,https://simpsons.fandom.com/wiki/Miracle_on_Evergreen_Terrace,10,9
"All Singing, All Dancing","https://simpsons.fandom.com/wiki/All_Singing,_All_Dancing",11,9
Bart Carny,https://simpsons.fandom.com/wiki/Bart_Carny,12,9
The Joy of Sect,https://simpsons.fandom.com/wiki/The_Joy_of_Sect,13,9
Das Bus,https://simpsons.fandom.com/wiki/Das_Bus,14,9
The Last Temptation of Krust,https://simpsons.fandom.com/wiki/The_Last_Temptation_of_Krust,15,9
Dumbbell Indemnity,https://simpsons.fandom.com/wiki/Dumbbell_Indemnity,16,9
Lisa the Simpson,https://simpsons.fandom.com/wiki/Lisa_the_Simpson,17,9
This Little Wiggy,https://simpsons.fandom.com/wiki/This_Little_Wiggy,18,9
Simpson Tide,https://simpsons.fandom.com/wiki/Simpson_Tide,19,9
The Trouble with Trillions,https://simpsons.fandom.com/wiki/The_Trouble_with_Trillions,20,9
Girly Edition,https://simpsons.fandom.com/wiki/Girly_Edition,21,9
Trash of the Titans,https://simpsons.fandom.com/wiki/Trash_of_the_Titans,22,9
King of the Hill,https://simpsons.fandom.com/wiki/King_of_the_Hill,23,9
Lost Our Lisa,https://simpsons.fandom.com/wiki/Lost_Our_Lisa,24,9
Natural Born Kissers,https://simpsons.fandom.com/wiki/Natural_Born_Kissers,25,9
Lard of the Dance,https://simpsons.fandom.com/wiki/Lard_of_the_Dance,1,10
The Wizard of Evergreen Terrace,https://simpsons.fandom.com/wiki/The_Wizard_of_Evergreen_Terrace,2,10
Bart the Mother,https://simpsons.fandom.com/wiki/Bart_the_Mother,3,10
Treehouse of Horror IX,https://simpsons.fandom.com/wiki/Treehouse_of_Horror_IX,4,10
When You Dish Upon a Star,https://simpsons.fandom.com/wiki/When_You_Dish_Upon_a_Star,5,10
D'oh-in' in the Wind,https://simpsons.fandom.com/wiki/D%27oh-in%27_in_the_Wind,6,10
"Lisa Gets an ""A""",https://simpsons.fandom.com/wiki/Lisa_Gets_an_%22A%22,7,10
"Homer Simpson in: ""Kidney Trouble""",https://simpsons.fandom.com/wiki/Homer_Simpson_in:_%22Kidney_Trouble%22,8,10
Mayored to the Mob,https://simpsons.fandom.com/wiki/Mayored_to_the_Mob,9,10
Viva Ned Flanders,https://simpsons.fandom.com/wiki/Viva_Ned_Flanders,10,10
Wild Barts Can't Be Broken,https://simpsons.fandom.com/wiki/Wild_Barts_Can%27t_Be_Broken,11,10
"Sunday, Cruddy Sunday","https://simpsons.fandom.com/wiki/Sunday,_Cruddy_Sunday",12,10
Homer to the Max,https://simpsons.fandom.com/wiki/Homer_to_the_Max,13,10
I'm with Cupid,https://simpsons.fandom.com/wiki/I%27m_with_Cupid,14,10
"Marge Simpson in: ""Screaming Yellow Honkers""",https://simpsons.fandom.com/wiki/Marge_Simpson_in:_%22Screaming_Yellow_Honkers%22,15,10
Make Room for Lisa,https://simpsons.fandom.com/wiki/Make_Room_for_Lisa,16,10
Maximum Homerdrive,https://simpsons.fandom.com/wiki/Maximum_Homerdrive,17,10
Simpsons Bible Stories,https://simpsons.fandom.com/wiki/Simpsons_Bible_Stories,18,10
Mom and Pop Art,https://simpsons.fandom.com/wiki/Mom_and_Pop_Art,19,10
"The Old Man and the ""C"" Student",https://simpsons.fandom.com/wiki/The_Old_Man_and_the_%22C%22_Student,20,10
Monty Can't Buy Me Love,https://simpsons.fandom.com/wiki/Monty_Can%27t_Buy_Me_Love,21,10
They Saved Lisa's Brain,https://simpsons.fandom.com/wiki/They_Saved_Lisa%27s_Brain,22,10
Thirty Minutes Over Tokyo,https://simpsons.fandom.com/wiki/Thirty_Minutes_Over_Tokyo,23,10
Beyond Blunderdome,https://simpsons.fandom.com/wiki/Beyond_Blunderdome,1,11
Brother's Little Helper,https://simpsons.fandom.com/wiki/Brother%27s_Little_Helper,2,11
Guess Who's Coming to Criticize Dinner?,https://simpsons.fandom.com/wiki/Guess_Who%27s_Coming_to_Criticize_Dinner%3F,3,11
Treehouse of Horror X,https://simpsons.fandom.com/wiki/Treehouse_of_Horror_X,4,11
E-I-E-I-D'oh,https://simpsons.fandom.com/wiki/E-I-E-I-D%27oh,5,11
"Hello Gutter, Hello Fadder","https://simpsons.fandom.com/wiki/Hello_Gutter,_Hello_Fadder",6,11
Eight Misbehavin',https://simpsons.fandom.com/wiki/Eight_Misbehavin%27,7,11
"Take My Wife, Sleaze","https://simpsons.fandom.com/wiki/Take_My_Wife,_Sleaze",8,11
Grift of the Magi,https://simpsons.fandom.com/wiki/Grift_of_the_Magi,9,11
Little Big Mom,https://simpsons.fandom.com/wiki/Little_Big_Mom,10,11
Faith Off,https://simpsons.fandom.com/wiki/Faith_Off,11,11
The Mansion Family,https://simpsons.fandom.com/wiki/The_Mansion_Family,12,11
Saddlesore Galactica,https://simpsons.fandom.com/wiki/Saddlesore_Galactica,13,11
"Alone Again, Natura-Diddily","https://simpsons.fandom.com/wiki/Alone_Again,_Natura-Diddily",14,11
Missionary: Impossible,https://simpsons.fandom.com/wiki/Missionary:_Impossible,15,11
Pygmoelian,https://simpsons.fandom.com/wiki/Pygmoelian,16,11
Bart to the Future,https://simpsons.fandom.com/wiki/Bart_to_the_Future,17,11
Days of Wine and D'oh'ses,https://simpsons.fandom.com/wiki/Days_of_Wine_and_D%27oh%27ses,18,11
Kill the Alligator and Run,https://simpsons.fandom.com/wiki/Kill_the_Alligator_and_Run,19,11
Last Tap Dance in Springfield,https://simpsons.fandom.com/wiki/Last_Tap_Dance_in_Springfield,20,11
"It's a Mad, Mad, Mad, Mad Marge","https://simpsons.fandom.com/wiki/It%27s_a_Mad,_Mad,_Mad,_Mad_Marge",21,11
Behind the Laughter,https://simpsons.fandom.com/wiki/Behind_the_Laughter,22,11
Treehouse of Horror XI,https://simpsons.fandom.com/wiki/Treehouse_of_Horror_XI,1,12
A Tale of Two Springfields,https://simpsons.fandom.com/wiki/A_Tale_of_Two_Springfields,2,12
Insane Clown Poppy,https://simpsons.fandom.com/wiki/Insane_Clown_Poppy,3,12
Lisa the Tree Hugger,https://simpsons.fandom.com/wiki/Lisa_the_Tree_Hugger,4,12
Homer vs. Dignity,https://simpsons.fandom.com/wiki/Homer_vs._Dignity,5,12
The Computer Wore Menace Shoes,https://simpsons.fandom.com/wiki/The_Computer_Wore_Menace_Shoes,6,12
The Great Money Caper,https://simpsons.fandom.com/wiki/The_Great_Money_Caper,7,12
Skinner's Sense of Snow,https://simpsons.fandom.com/wiki/Skinner%27s_Sense_of_Snow,8,12
HOMÐ¯,https://simpsons.fandom.com/wiki/HOM%D0%AF,9,12
Pokey Mom,https://simpsons.fandom.com/wiki/Pokey_Mom,10,12
Worst Episode Ever,https://simpsons.fandom.com/wiki/Worst_Episode_Ever,11,12
Tennis the Menace,https://simpsons.fandom.com/wiki/Tennis_the_Menace,12,12
Day of the Jackanapes,https://simpsons.fandom.com/wiki/Day_of_the_Jackanapes,13,12
New Kids on the Blecch,https://simpsons.fandom.com/wiki/New_Kids_on_the_Blecch,14,12
"Hungry, Hungry Homer","https://simpsons.fandom.com/wiki/Hungry,_Hungry_Homer",15,12
Bye Bye Nerdie,https://simpsons.fandom.com/wiki/Bye_Bye_Nerdie,16,12
Simpson Safari,https://simpsons.fandom.com/wiki/Simpson_Safari,17,12
Trilogy of Error,https://simpsons.fandom.com/wiki/Trilogy_of_Error,18,12
I'm Goin' to Praiseland,https://simpsons.fandom.com/wiki/I%27m_Goin%27_to_Praiseland,19,12
Children of a Lesser Clod,https://simpsons.fandom.com/wiki/Children_of_a_Lesser_Clod,20,12
Simpsons Tall Tales,https://simpsons.fandom.com/wiki/Simpsons_Tall_Tales,21,12
Treehouse of Horror XII,https://simpsons.fandom.com/wiki/Treehouse_of_Horror_XII,1,13
The Parent Rap,https://simpsons.fandom.com/wiki/The_Parent_Rap,2,13
Homer the Moe,https://simpsons.fandom.com/wiki/Homer_the_Moe,3,13
A Hunka Hunka Burns in Love,https://simpsons.fandom.com/wiki/A_Hunka_Hunka_Burns_in_Love,4,13
The Blunder Years,https://simpsons.fandom.com/wiki/The_Blunder_Years,5,13
She of Little Faith,https://simpsons.fandom.com/wiki/She_of_Little_Faith,6,13
Brawl in the Family,https://simpsons.fandom.com/wiki/Brawl_in_the_Family,7,13
Sweets and Sour Marge,https://simpsons.fandom.com/wiki/Sweets_and_Sour_Marge,8,13
Jaws Wired Shut,https://simpsons.fandom.com/wiki/Jaws_Wired_Shut,9,13
Half-Decent Proposal,https://simpsons.fandom.com/wiki/Half-Decent_Proposal,10,13
The Bart Wants What It Wants,https://simpsons.fandom.com/wiki/The_Bart_Wants_What_It_Wants,11,13
The Lastest Gun in the West,https://simpsons.fandom.com/wiki/The_Lastest_Gun_in_the_West,12,13
The Old Man and the Key,https://simpsons.fandom.com/wiki/The_Old_Man_and_the_Key,13,13
Tales from the Public Domain,https://simpsons.fandom.com/wiki/Tales_from_the_Public_Domain,14,13
Blame It on Lisa,https://simpsons.fandom.com/wiki/Blame_It_on_Lisa,15,13
Weekend at Burnsie's,https://simpsons.fandom.com/wiki/Weekend_at_Burnsie%27s,16,13
Gump Roast,https://simpsons.fandom.com/wiki/Gump_Roast,17,13
I Am Furious (Yellow),https://simpsons.fandom.com/wiki/I_Am_Furious_(Yellow),18,13
The Sweetest Apu,https://simpsons.fandom.com/wiki/The_Sweetest_Apu,19,13
Little Girl in the Big Ten,https://simpsons.fandom.com/wiki/Little_Girl_in_the_Big_Ten,20,13
The Frying Game,https://simpsons.fandom.com/wiki/The_Frying_Game,21,13
Poppa's Got a Brand New Badge,https://simpsons.fandom.com/wiki/Poppa%27s_Got_a_Brand_New_Badge,22,13
Treehouse of Horror XIII,https://simpsons.fandom.com/wiki/Treehouse_of_Horror_XIII,1,14
How I Spent My Strummer Vacation,https://simpsons.fandom.com/wiki/How_I_Spent_My_Strummer_Vacation,2,14
Bart vs. Lisa vs. the Third Grade,https://simpsons.fandom.com/wiki/Bart_vs._Lisa_vs._the_Third_Grade,3,14
Large Marge,https://simpsons.fandom.com/wiki/Large_Marge,4,14
Helter Shelter,https://simpsons.fandom.com/wiki/Helter_Shelter,5,14
The Great Louse Detective,https://simpsons.fandom.com/wiki/The_Great_Louse_Detective,6,14
Special Edna,https://simpsons.fandom.com/wiki/Special_Edna,7,14
The Dad Who Knew Too Little,https://simpsons.fandom.com/wiki/The_Dad_Who_Knew_Too_Little,8,14
The Strong Arms of the Ma,https://simpsons.fandom.com/wiki/The_Strong_Arms_of_the_Ma,9,14
Pray Anything,https://simpsons.fandom.com/wiki/Pray_Anything,10,14
Barting Over,https://simpsons.fandom.com/wiki/Barting_Over,11,14
I'm Spelling as Fast as I Can,https://simpsons.fandom.com/wiki/I%27m_Spelling_as_Fast_as_I_Can,12,14
A Star Is Born-Again,https://simpsons.fandom.com/wiki/A_Star_Is_Born-Again,13,14
Mr. Spritz Goes to Washington,https://simpsons.fandom.com/wiki/Mr._Spritz_Goes_to_Washington,14,14
C.E. D'oh,https://simpsons.fandom.com/wiki/C.E._D%27oh,15,14
'Scuse Me While I Miss the Sky,https://simpsons.fandom.com/wiki/%27Scuse_Me_While_I_Miss_the_Sky,16,14
Three Gays of the Condo,https://simpsons.fandom.com/wiki/Three_Gays_of_the_Condo,17,14
"Dude, Where's My Ranch?","https://simpsons.fandom.com/wiki/Dude,_Where%27s_My_Ranch%3F",18,14
Old Yeller-Belly,https://simpsons.fandom.com/wiki/Old_Yeller-Belly,19,14
"Brake My Wife, Please","https://simpsons.fandom.com/wiki/Brake_My_Wife,_Please",20,14
The Bart of War,https://simpsons.fandom.com/wiki/The_Bart_of_War,21,14
Moe Baby Blues,https://simpsons.fandom.com/wiki/Moe_Baby_Blues,22,14
Treehouse of Horror XIV,https://simpsons.fandom.com/wiki/Treehouse_of_Horror_XIV,1,15
My Mother the Carjacker,https://simpsons.fandom.com/wiki/My_Mother_the_Carjacker,2,15
The President Wore Pearls,https://simpsons.fandom.com/wiki/The_President_Wore_Pearls,3,15
The Regina Monologues,https://simpsons.fandom.com/wiki/The_Regina_Monologues,4,15
The Fat and the Furriest,https://simpsons.fandom.com/wiki/The_Fat_and_the_Furriest,5,15
"Today, I Am a Clown","https://simpsons.fandom.com/wiki/Today,_I_Am_a_Clown",6,15
'Tis the Fifteenth Season,https://simpsons.fandom.com/wiki/%27Tis_the_Fifteenth_Season,7,15
"Marge vs. Singles, Seniors, Childless Couples and Teens and Gays","https://simpsons.fandom.com/wiki/Marge_vs._Singles,_Seniors,_Childless_Couples_and_Teens_and_Gays",8,15
"I, (Annoyed Grunt)-Bot","https://simpsons.fandom.com/wiki/I,_(Annoyed_Grunt)-Bot",9,15
Diatribe of a Mad Housewife,https://simpsons.fandom.com/wiki/Diatribe_of_a_Mad_Housewife,10,15
Margical History Tour,https://simpsons.fandom.com/wiki/Margical_History_Tour,11,15
Milhouse Doesn't Live Here Anymore,https://simpsons.fandom.com/wiki/Milhouse_Doesn%27t_Live_Here_Anymore,12,15
Smart and Smarter,https://simpsons.fandom.com/wiki/Smart_and_Smarter,13,15
The Ziff Who Came to Dinner,https://simpsons.fandom.com/wiki/The_Ziff_Who_Came_to_Dinner,14,15
Co-Dependent's Day,https://simpsons.fandom.com/wiki/Co-Dependent%27s_Day,15,15
The Wandering Juvie,https://simpsons.fandom.com/wiki/The_Wandering_Juvie,16,15
My Big Fat Geek Wedding,https://simpsons.fandom.com/wiki/My_Big_Fat_Geek_Wedding,17,15
Catch 'Em If You Can,https://simpsons.fandom.com/wiki/Catch_%27Em_if_You_Can,18,15
Simple Simpson,https://simpsons.fandom.com/wiki/Simple_Simpson,19,15
The Way We Weren't,https://simpsons.fandom.com/wiki/The_Way_We_Weren%27t,20,15
Bart-Mangled Banner,https://simpsons.fandom.com/wiki/Bart-Mangled_Banner,21,15
Fraudcast News,https://simpsons.fandom.com/wiki/Fraudcast_News,22,15
Treehouse of Horror XV,https://simpsons.fandom.com/wiki/Treehouse_of_Horror_XV,1,16
All's Fair in Oven War,https://simpsons.fandom.com/wiki/All%27s_Fair_in_Oven_War,2,16
Sleeping with the Enemy,https://simpsons.fandom.com/wiki/Sleeping_with_the_Enemy,3,16
She Used to Be My Girl,https://simpsons.fandom.com/wiki/She_Used_to_Be_My_Girl,4,16
Fat Man and Little Boy,https://simpsons.fandom.com/wiki/Fat_Man_and_Little_Boy,5,16
Midnight Rx,https://simpsons.fandom.com/wiki/Midnight_Rx,6,16
Mommie Beerest,https://simpsons.fandom.com/wiki/Mommie_Beerest,7,16
Homer and Ned's Hail Mary Pass,https://simpsons.fandom.com/wiki/Homer_and_Ned%27s_Hail_Mary_Pass,8,16
Pranksta Rap,https://simpsons.fandom.com/wiki/Pranksta_Rap,9,16
There's Something About Marrying,https://simpsons.fandom.com/wiki/There%27s_Something_About_Marrying,10,16
On a Clear Day I Can't See My Sister,https://simpsons.fandom.com/wiki/On_a_Clear_Day_I_Can%27t_See_My_Sister,11,16
Goo Goo Gai Pan,https://simpsons.fandom.com/wiki/Goo_Goo_Gai_Pan,12,16
Mobile Homer,https://simpsons.fandom.com/wiki/Mobile_Homer,13,16
The Seven-Beer Snitch,https://simpsons.fandom.com/wiki/The_Seven-Beer_Snitch,14,16
Future-Drama,https://simpsons.fandom.com/wiki/Future-Drama,15,16
Don't Fear the Roofer,https://simpsons.fandom.com/wiki/Don%27t_Fear_the_Roofer,16,16
The Heartbroke Kid,https://simpsons.fandom.com/wiki/The_Heartbroke_Kid,17,16
A Star Is Torn,https://simpsons.fandom.com/wiki/A_Star_is_Torn,18,16
Thank God It's Doomsday,https://simpsons.fandom.com/wiki/Thank_God_It%27s_Doomsday,19,16
Home Away from Homer,https://simpsons.fandom.com/wiki/Home_Away_from_Homer,20,16
"The Father, the Son and the Holy Guest Star","https://simpsons.fandom.com/wiki/The_Father,_the_Son_and_the_Holy_Guest_Star",21,16
The Bonfire of the Manatees,https://simpsons.fandom.com/wiki/The_Bonfire_of_the_Manatees,1,17
The Girl Who Slept Too Little,https://simpsons.fandom.com/wiki/The_Girl_Who_Slept_Too_Little,2,17
Milhouse of Sand and Fog,https://simpsons.fandom.com/wiki/Milhouse_of_Sand_and_Fog,3,17
Treehouse of Horror XVI,https://simpsons.fandom.com/wiki/Treehouse_of_Horror_XVI,4,17
Marge's Son Poisoning,https://simpsons.fandom.com/wiki/Marge%27s_Son_Poisoning,5,17
See Homer Run,https://simpsons.fandom.com/wiki/See_Homer_Run,6,17
The Last of the Red Hat Mamas,https://simpsons.fandom.com/wiki/The_Last_of_the_Red_Hat_Mamas,7,17
The Italian Bob,https://simpsons.fandom.com/wiki/The_Italian_Bob,8,17
Simpsons Christmas Stories,https://simpsons.fandom.com/wiki/Simpsons_Christmas_Stories,9,17
Homer's Paternity Coot,https://simpsons.fandom.com/wiki/Homer%27s_Paternity_Coot,10,17
We're on the Road to D'oh-where,https://simpsons.fandom.com/wiki/We%27re_on_the_Road_to_D%27oh-where,11,17
My Fair Laddy,https://simpsons.fandom.com/wiki/My_Fair_Laddy,12,17
The Seemingly Never-Ending Story,https://simpsons.fandom.com/wiki/The_Seemingly_Never-Ending_Story,13,17
Bart Has Two Mommies,https://simpsons.fandom.com/wiki/Bart_Has_Two_Mommies,14,17
"Homer Simpson, This Is Your Wife","https://simpsons.fandom.com/wiki/Homer_Simpson,_This_Is_Your_Wife",15,17
Million-Dollar Abie,https://simpsons.fandom.com/wiki/Million-Dollar_Abie,16,17
Kiss Kiss Bang Bangalore,https://simpsons.fandom.com/wiki/Kiss_Kiss_Bang_Bangalore,17,17
The Wettest Stories Ever Told,https://simpsons.fandom.com/wiki/The_Wettest_Stories_Ever_Told,18,17
Girls Just Want to Have Sums,https://simpsons.fandom.com/wiki/Girls_Just_Want_to_Have_Sums,19,17
Regarding Margie,https://simpsons.fandom.com/wiki/Regarding_Margie,20,17
The Monkey Suit,https://simpsons.fandom.com/wiki/The_Monkey_Suit,21,17
Marge and Homer Turn a Couple Play,https://simpsons.fandom.com/wiki/Marge_and_Homer_Turn_a_Couple_Play,22,17
"The Mook, the Chef, the Wife and Her Homer","https://simpsons.fandom.com/wiki/The_Mook,_the_Chef,_the_Wife_and_Her_Homer",1,18
Jazzy and the Pussycats,https://simpsons.fandom.com/wiki/Jazzy_and_the_Pussycats,2,18
"Please Homer, Don't Hammer 'Em","https://simpsons.fandom.com/wiki/Please_Homer,_Don%27t_Hammer_%27Em",3,18
Treehouse of Horror XVII,https://simpsons.fandom.com/wiki/Treehouse_of_Horror_XVII,4,18
G.I. D'oh,https://simpsons.fandom.com/wiki/G.I._D%27oh,5,18
Moe'N'a Lisa,https://simpsons.fandom.com/wiki/Moe%27N%27a_Lisa,6,18
Ice Cream of Margie (with the Light Blue Hair),https://simpsons.fandom.com/wiki/Ice_Cream_of_Margie_(with_the_Light_Blue_Hair),7,18
The Haw-Hawed Couple,https://simpsons.fandom.com/wiki/The_Haw-Hawed_Couple,8,18
"Kill Gil, Volumes I & II","https://simpsons.fandom.com/wiki/Kill_Gil,_Volumes_I_%26_II",9,18
The Wife Aquatic,https://simpsons.fandom.com/wiki/The_Wife_Aquatic,10,18
Revenge Is a Dish Best Served Three Times,https://simpsons.fandom.com/wiki/Revenge_is_a_Dish_Best_Served_Three_Times,11,18
Little Big Girl,https://simpsons.fandom.com/wiki/Little_Big_Girl,12,18
Springfield Up,https://simpsons.fandom.com/wiki/Springfield_Up,13,18
Yokel Chords,https://simpsons.fandom.com/wiki/Yokel_Chords,14,18
Rome-Old and Julie-Eh,https://simpsons.fandom.com/wiki/Rome-Old_and_Julie-Eh,15,18
Homerazzi,https://simpsons.fandom.com/wiki/Homerazzi,16,18
Marge Gamer,https://simpsons.fandom.com/wiki/Marge_Gamer,17,18
The Boys of Bummer,https://simpsons.fandom.com/wiki/The_Boys_of_Bummer,18,18
Crook and Ladder,https://simpsons.fandom.com/wiki/Crook_and_Ladder,19,18
Stop or My Dog Will Shoot!,https://simpsons.fandom.com/wiki/Stop_or_My_Dog_Will_Shoot!,20,18
24 Minutes,https://simpsons.fandom.com/wiki/24_Minutes,21,18
You Kent Always Say What You Want,https://simpsons.fandom.com/wiki/You_Kent_Always_Say_What_You_Want,22,18
He Loves to Fly and He D'ohs,https://simpsons.fandom.com/wiki/He_Loves_to_Fly_and_He_D%27ohs,1,19
The Homer of Seville,https://simpsons.fandom.com/wiki/The_Homer_of_Seville,2,19
Midnight Towboy,https://simpsons.fandom.com/wiki/Midnight_Towboy,3,19
I Don't Wanna Know Why the Caged Bird Sings,https://simpsons.fandom.com/wiki/I_Don%27t_Wanna_Know_Why_the_Caged_Bird_Sings,4,19
Treehouse of Horror XVIII,https://simpsons.fandom.com/wiki/Treehouse_of_Horror_XVIII,5,19
Little Orphan Millie,https://simpsons.fandom.com/wiki/Little_Orphan_Millie,6,19
Husbands and Knives,https://simpsons.fandom.com/wiki/Husbands_and_Knives,7,19
Funeral for a Fiend,https://simpsons.fandom.com/wiki/Funeral_for_a_Fiend,8,19
Eternal Moonshine of the Simpson Mind,https://simpsons.fandom.com/wiki/Eternal_Moonshine_Of_The_Simpson_Mind,9,19
E Pluribus Wiggum,https://simpsons.fandom.com/wiki/E_Pluribus_Wiggum,10,19
That '90s Show,https://simpsons.fandom.com/wiki/That_%2790s_Show,11,19
"Love, Springfieldian Style","https://simpsons.fandom.com/wiki/Love,_Springfieldian_Style",12,19
The Debarted,https://simpsons.fandom.com/wiki/The_Debarted,13,19
"Dial ""N"" for Nerder",https://simpsons.fandom.com/wiki/Dial_%22N%22_for_Nerder,14,19
Smoke on the Daughter,https://simpsons.fandom.com/wiki/Smoke_on_the_Daughter,15,19
Papa Don't Leech,https://simpsons.fandom.com/wiki/Papa_Don%27t_Leech,16,19
Apocalypse Cow,https://simpsons.fandom.com/wiki/Apocalypse_Cow,17,19
Any Given Sundance,https://simpsons.fandom.com/wiki/Any_Given_Sundance,18,19
Mona Leaves-a,https://simpsons.fandom.com/wiki/Mona_Leaves-a,19,19
All About Lisa,https://simpsons.fandom.com/wiki/All_About_Lisa,20,19
"Sex, Pies, and Idiot Scrapes","https://simpsons.fandom.com/wiki/Sex,_Pies,_and_Idiot_Scrapes",1,20
Lost Verizon,https://simpsons.fandom.com/wiki/Lost_Verizon,2,20
"Double, Double, Boy in Trouble","https://simpsons.fandom.com/wiki/Double,_Double,_Boy_in_Trouble",3,20
Treehouse of Horror XIX,https://simpsons.fandom.com/wiki/Treehouse_of_Horror_XIX,4,20
Dangerous Curves,https://simpsons.fandom.com/wiki/Dangerous_Curves,5,20
Homer and Lisa Exchange Cross Words,https://simpsons.fandom.com/wiki/Homer_And_Lisa_Exchange_Cross_Words,6,20
Mypods and Boomsticks,https://simpsons.fandom.com/wiki/Mypods_and_Boomsticks,7,20
The Burns and the Bees,https://simpsons.fandom.com/wiki/The_Burns_and_the_Bees,8,20
Lisa the Drama Queen,https://simpsons.fandom.com/wiki/Lisa_the_Drama_Queen,9,20
"Take My Life, Please","https://simpsons.fandom.com/wiki/Take_My_Life,_Please",10,20
How the Test Was Won,https://simpsons.fandom.com/wiki/How_the_Test_Was_Won,11,20
"No Loan Again, Naturally","https://simpsons.fandom.com/wiki/No_Loan_Again,_Naturally",12,20
Gone Maggie Gone,https://simpsons.fandom.com/wiki/Gone_Maggie_Gone,13,20
In the Name of the Grandfather,https://simpsons.fandom.com/wiki/In_the_Name_of_the_Grandfather,14,20
Wedding for Disaster,https://simpsons.fandom.com/wiki/Wedding_for_Disaster,15,20
"Eeny Teeny Maya, Moe","https://simpsons.fandom.com/wiki/Eeny_Teeny_Maya,_Moe",16,20
"The Good, the Sad and the Drugly","https://simpsons.fandom.com/wiki/The_Good,_the_Sad_and_the_Drugly",17,20
Father Knows Worst,https://simpsons.fandom.com/wiki/Father_Knows_Worst,18,20
"Waverly Hills, 9-0-2-1-D'oh","https://simpsons.fandom.com/wiki/Waverly_Hills,_9-0-2-1-D%27oh",19,20
Four Great Women and a Manicure,https://simpsons.fandom.com/wiki/Four_Great_Women_and_a_Manicure,20,20
Coming to Homerica,https://simpsons.fandom.com/wiki/Coming_to_Homerica,21,20
Homer the Whopper,https://simpsons.fandom.com/wiki/Homer_the_Whopper,1,21
"Bart Gets a ""Z""",https://simpsons.fandom.com/wiki/Bart_Gets_a_%22Z%22,2,21
The Great Wife Hope,https://simpsons.fandom.com/wiki/The_Great_Wife_Hope,3,21
Treehouse of Horror XX,https://simpsons.fandom.com/wiki/Treehouse_of_Horror_XX,4,21
The Devil Wears Nada,https://simpsons.fandom.com/wiki/The_Devil_Wears_Nada,5,21
Pranks and Greens,https://simpsons.fandom.com/wiki/Pranks_and_Greens,6,21
Rednecks and Broomsticks,https://simpsons.fandom.com/wiki/Rednecks_and_Broomsticks,7,21
"O Brother, Where Bart Thou?","https://simpsons.fandom.com/wiki/O_Brother,_Where_Bart_Thou%3F",8,21
Thursdays with Abie,https://simpsons.fandom.com/wiki/Thursdays_with_Abie,9,21
Once Upon a Time in Springfield,https://simpsons.fandom.com/wiki/Once_Upon_a_Time_in_Springfield,10,21
Million Dollar Maybe,https://simpsons.fandom.com/wiki/Million_Dollar_Maybe,11,21
Boy Meets Curl,https://simpsons.fandom.com/wiki/Boy_Meets_Curl,12,21
The Color Yellow,https://simpsons.fandom.com/wiki/The_Color_Yellow,13,21
Postcards from the Wedge,https://simpsons.fandom.com/wiki/Postcards_From_the_Wedge,14,21
Stealing First Base,https://simpsons.fandom.com/wiki/Stealing_First_Base,15,21
The Greatest Story Ever D'ohed,https://simpsons.fandom.com/wiki/The_Greatest_Story_Ever_D%27ohed,16,21
American History X-cellent,https://simpsons.fandom.com/wiki/American_History_X-cellent,17,21
Chief of Hearts,https://simpsons.fandom.com/wiki/Chief_of_Hearts,18,21
The Squirt and the Whale,https://simpsons.fandom.com/wiki/The_Squirt_and_the_Whale,19,21
"To Surveil, with Love",https://simpsons.fandom.com/wiki/To_Surveil_With_Love,20,21
Moe Letter Blues,https://simpsons.fandom.com/wiki/Moe_Letter_Blues,21,21
The Bob Next Door,https://simpsons.fandom.com/wiki/The_Bob_Next_Door,22,21
Judge Me Tender,https://simpsons.fandom.com/wiki/Judge_Me_Tender,23,21
Elementary School Musical,https://simpsons.fandom.com/wiki/Elementary_School_Musical,1,22
Loan-a Lisa,https://simpsons.fandom.com/wiki/Loan-a_Lisa,2,22
MoneyBART,https://simpsons.fandom.com/wiki/MoneyBART,3,22
Treehouse of Horror XXI,https://simpsons.fandom.com/wiki/Treehouse_of_Horror_XXI,4,22
"Lisa Simpson, This Isn't Your Life","https://simpsons.fandom.com/wiki/Lisa_Simpson,_This_Isn%27t_Your_Life",5,22
The Fool Monty,https://simpsons.fandom.com/wiki/The_Fool_Monty,6,22
How Munched Is That Birdie in the Window?,https://simpsons.fandom.com/wiki/How_Munched_Is_That_Birdie_in_the_Window%3F,7,22
The Fight Before Christmas,https://simpsons.fandom.com/wiki/The_Fight_Before_Christmas,8,22
Donnie Fatso,https://simpsons.fandom.com/wiki/Donnie_Fatso,9,22
Moms I'd Like to Forget,https://simpsons.fandom.com/wiki/Moms_I%27d_Like_to_Forget,10,22
Flaming Moe,https://simpsons.fandom.com/wiki/Flaming_Moe,11,22
Homer the Father,https://simpsons.fandom.com/wiki/Homer_the_Father,12,22
The Blue and the Gray,https://simpsons.fandom.com/wiki/The_Blue_and_the_Gray,13,22
Angry Dad: The Movie,https://simpsons.fandom.com/wiki/Angry_Dad:_The_Movie,14,22
The Scorpion's Tale,https://simpsons.fandom.com/wiki/The_Scorpion%27s_Tale,15,22
A Midsummer's Nice Dream,https://simpsons.fandom.com/wiki/A_Midsummer%27s_Nice_Dream,16,22
Love Is a Many Strangled Thing,https://simpsons.fandom.com/wiki/Love_is_a_Many_Strangled_Thing,17,22
The Great Simpsina,https://simpsons.fandom.com/wiki/The_Great_Simpsina,18,22
The Real Housewives of Fat Tony,https://simpsons.fandom.com/wiki/The_Real_Housewives_of_Fat_Tony,19,22
Homer Scissorhands,https://simpsons.fandom.com/wiki/Homer_Scissorhands,20,22
500 Keys,https://simpsons.fandom.com/wiki/500_Keys,21,22
The Ned-liest Catch,https://simpsons.fandom.com/wiki/The_Ned-liest_Catch,22,22
The Falcon and the D'ohman,https://simpsons.fandom.com/wiki/The_Falcon_and_the_D%27ohman,1,23
Bart Stops to Smell the Roosevelts,https://simpsons.fandom.com/wiki/Bart_Stops_to_Smell_the_Roosevelts,2,23
Treehouse of Horror XXII,https://simpsons.fandom.com/wiki/Treehouse_of_Horror_XXII,3,23
Replaceable You,https://simpsons.fandom.com/wiki/Replaceable_You,4,23
The Food Wife,https://simpsons.fandom.com/wiki/The_Food_Wife,5,23
The Book Job,https://simpsons.fandom.com/wiki/The_Book_Job,6,23
The Man in the Blue Flannel Pants,https://simpsons.fandom.com/wiki/The_Man_in_the_Blue_Flannel_Pants,7,23
The Ten-Per-Cent Solution,https://simpsons.fandom.com/wiki/The_Ten-Per-Cent_Solution,8,23
Holidays of Future Passed,https://simpsons.fandom.com/wiki/Holidays_of_Future_Passed,9,23
"Politically Inept, with Homer Simpson","https://simpsons.fandom.com/wiki/Politically_Inept,_with_Homer_Simpson",10,23
The D'oh-cial Network,https://simpsons.fandom.com/wiki/The_D%27oh-cial_Network,11,23
Moe Goes from Rags to Riches,https://simpsons.fandom.com/wiki/Moe_Goes_From_Rags_To_Riches,12,23
The Daughter Also Rises,https://simpsons.fandom.com/wiki/The_Daughter_Also_Rises,13,23
At Long Last Leave,https://simpsons.fandom.com/wiki/At_Long_Last_Leave,14,23
Exit Through the Kwik-E-Mart,https://simpsons.fandom.com/wiki/Exit_Through_the_Kwik-E-Mart,15,23
How I Wet Your Mother,https://simpsons.fandom.com/wiki/How_I_Wet_Your_Mother,16,23
"Them, Robot","https://simpsons.fandom.com/wiki/Them,_Robot",17,23
Beware My Cheating Bart,https://simpsons.fandom.com/wiki/Beware_My_Cheating_Bart,18,23
A Totally Fun Thing That Bart Will Never Do Again,https://simpsons.fandom.com/wiki/A_Totally_Fun_Thing_That_Bart_Will_Never_Do_Again,19,23
The Spy Who Learned Me,https://simpsons.fandom.com/wiki/The_Spy_Who_Learned_Me,20,23
Ned 'N Edna's Blend Agenda,https://simpsons.fandom.com/wiki/Ned_%27N_Edna%27s_Blend_Agenda,21,23
Lisa Goes Gaga,https://simpsons.fandom.com/wiki/Lisa_Goes_Gaga,22,23
Moonshine River,https://simpsons.fandom.com/wiki/Moonshine_River,1,24
Treehouse of Horror XXIII,https://simpsons.fandom.com/wiki/Treehouse_of_Horror_XXIII,2,24
Adventures in Baby-Getting,https://simpsons.fandom.com/wiki/Adventures_in_Baby-Getting,3,24
Gone Abie Gone,https://simpsons.fandom.com/wiki/Gone_Abie_Gone,4,24
Penny-Wiseguys,https://simpsons.fandom.com/wiki/Penny-Wiseguys,5,24
A Tree Grows in Springfield,https://simpsons.fandom.com/wiki/A_Tree_Grows_in_Springfield,6,24
The Day the Earth Stood Cool,https://simpsons.fandom.com/wiki/The_Day_the_Earth_Stood_Cool,7,24
"To Cur, with Love","https://simpsons.fandom.com/wiki/To_Cur,_with_Love",8,24
Homer Goes to Prep School,https://simpsons.fandom.com/wiki/Homer_Goes_to_Prep_School,9,24
A Test Before Trying,https://simpsons.fandom.com/wiki/A_Test_Before_Trying,10,24
Changing of the Guardian,https://simpsons.fandom.com/wiki/Changing_of_the_Guardian,11,24
Love Is a Many-Splintered Thing,https://simpsons.fandom.com/wiki/Love_is_a_Many_Splintered_Thing,12,24
Hardly Kirk-ing,https://simpsons.fandom.com/wiki/Hardly_Kirk-ing,13,24
Gorgeous Grampa,https://simpsons.fandom.com/wiki/Gorgeous_Grampa,14,24
"Black-Eyed, Please","https://simpsons.fandom.com/wiki/Black-Eyed,_Please",15,24
Dark Knight Court,https://simpsons.fandom.com/wiki/Dark_Knight_Court,16,24
What Animated Women Want,https://simpsons.fandom.com/wiki/What_Animated_Women_Want,17,24
Pulpit Friction,https://simpsons.fandom.com/wiki/Pulpit_Friction,18,24
Whiskey Business,https://simpsons.fandom.com/wiki/Whiskey_Business,19,24
The Fabulous Faker Boy,https://simpsons.fandom.com/wiki/The_Fabulous_Faker_Boy,20,24
The Saga of Carl,https://simpsons.fandom.com/wiki/The_Saga_of_Carl,21,24
Dangers on a Train,https://simpsons.fandom.com/wiki/Dangers_on_a_Train,22,24
Homerland,https://simpsons.fandom.com/wiki/Homerland,1,25
Treehouse of Horror XXIV,https://simpsons.fandom.com/wiki/Treehouse_of_Horror_XXIV,2,25
Four Regrettings and a Funeral,https://simpsons.fandom.com/wiki/Four_Regrettings_and_a_Funeral,3,25
Yolo,https://simpsons.fandom.com/wiki/Yolo,4,25
Labor Pains,https://simpsons.fandom.com/wiki/Labor_Pains,5,25
The Kid Is All Right,https://simpsons.fandom.com/wiki/The_Kid_is_All_Right,6,25
Yellow Subterfuge,https://simpsons.fandom.com/wiki/Yellow_Subterfuge,7,25
White Christmas Blues,https://simpsons.fandom.com/wiki/White_Christmas_Blues,8,25
Steal This Episode,https://simpsons.fandom.com/wiki/Steal_This_Episode,9,25
Married to the Blob,https://simpsons.fandom.com/wiki/Married_to_the_Blob,10,25
Specs and the City,https://simpsons.fandom.com/wiki/Specs_and_the_City,11,25
Diggs,https://simpsons.fandom.com/wiki/Diggs,12,25
The Man Who Grew Too Much,https://simpsons.fandom.com/wiki/The_Man_Who_Grew_Too_Much,13,25
The Winter of His Content,https://simpsons.fandom.com/wiki/The_Winter_of_His_Content,14,25
The War of Art,https://simpsons.fandom.com/wiki/The_War_of_Art,15,25
You Don't Have to Live Like a Referee,https://simpsons.fandom.com/wiki/You_Don%27t_Have_to_Live_Like_a_Referee,16,25
Luca$,https://simpsons.fandom.com/wiki/Luca$,17,25
Days of Future Future,https://simpsons.fandom.com/wiki/Days_of_Future_Future,18,25
What to Expect When Bart's Expecting,https://simpsons.fandom.com/wiki/What_to_Expect_When_Bart%27s_Expecting,19,25
Brick Like Me,https://simpsons.fandom.com/wiki/Brick_Like_Me,20,25
Pay Pal,https://simpsons.fandom.com/wiki/Pay_Pal,21,25
The Yellow Badge of Cowardge,https://simpsons.fandom.com/wiki/The_Yellow_Badge_of_Cowardge,22,25
Clown in the Dumps,https://simpsons.fandom.com/wiki/Clown_in_the_Dumps,1,26
The Wreck of the Relationship,https://simpsons.fandom.com/wiki/The_Wreck_of_the_Relationship,2,26
Super Franchise Me,https://simpsons.fandom.com/wiki/Super_Franchise_Me,3,26
Treehouse of Horror XXV,https://simpsons.fandom.com/wiki/Treehouse_of_Horror_XXV,4,26
Opposites A-Frack,https://simpsons.fandom.com/wiki/Opposites_A-Frack,5,26
Simpsorama,https://simpsons.fandom.com/wiki/Simpsorama,6,26
Blazed and Confused,https://simpsons.fandom.com/wiki/Blazed_and_Confused,7,26
Covercraft,https://simpsons.fandom.com/wiki/Covercraft,8,26
I Won't Be Home for Christmas,https://simpsons.fandom.com/wiki/I_Won%27t_Be_Home_for_Christmas,9,26
The Man Who Came to Be Dinner,https://simpsons.fandom.com/wiki/The_Man_Who_Came_to_Be_Dinner,10,26
Bart's New Friend,https://simpsons.fandom.com/wiki/Bart%27s_New_Friend,11,26
The Musk Who Fell to Earth,https://simpsons.fandom.com/wiki/The_Musk_Who_Fell_to_Earth,12,26
Walking Big & Tall,https://simpsons.fandom.com/wiki/Walking_Big_%26_Tall,13,26
My Fare Lady,https://simpsons.fandom.com/wiki/My_Fare_Lady,14,26
The Princess Guide,https://simpsons.fandom.com/wiki/The_Princess_Guide,15,26
Sky Police,https://simpsons.fandom.com/wiki/Sky_Police,16,26
Waiting for Duffman,https://simpsons.fandom.com/wiki/Waiting_for_Duffman,17,26
Peeping Mom,https://simpsons.fandom.com/wiki/Peeping_Mom,18,26
The Kids Are All Fight,https://simpsons.fandom.com/wiki/The_Kids_Are_All_Fight,19,26
Let's Go Fly a Coot,https://simpsons.fandom.com/wiki/Let%27s_Go_Fly_a_Coot,20,26
Bull-E,https://simpsons.fandom.com/wiki/Bull-E,21,26
Mathlete's Feat,https://simpsons.fandom.com/wiki/Mathlete%27s_Feat,22,26
Every Man's Dream,https://simpsons.fandom.com/wiki/Every_Man%27s_Dream,1,27
Cue Detective,https://simpsons.fandom.com/wiki/Cue_Detective,2,27
Puffless,https://simpsons.fandom.com/wiki/Puffless,3,27
Halloween of Horror,https://simpsons.fandom.com/wiki/Halloween_of_Horror,4,27
Treehouse of Horror XXVI,https://simpsons.fandom.com/wiki/Treehouse_of_Horror_XXVI,5,27
Friend with Benefit,https://simpsons.fandom.com/wiki/Friend_with_Benefit,6,27
"Lisa with an ""S""",https://simpsons.fandom.com/wiki/Lisa_with_an_%22S%22,7,27
Paths of Glory,https://simpsons.fandom.com/wiki/Paths_of_Glory,8,27
Barthood,https://simpsons.fandom.com/wiki/Barthood,9,27
The Girl Code,https://simpsons.fandom.com/wiki/The_Girl_Code,10,27
Teenage Mutant Milk-caused Hurdles,https://simpsons.fandom.com/wiki/Teenage_Mutant_Milk-caused_Hurdles,11,27
Much Apu About Something,https://simpsons.fandom.com/wiki/Much_Apu_About_Something,12,27
Love Is in the N2-O2-Ar-CO2-Ne-He-CH4,https://simpsons.fandom.com/wiki/Love_Is_in_the_N2-O2-Ar-CO2-Ne-He-CH4,13,27
Gal of Constant Sorrow,https://simpsons.fandom.com/wiki/Gal_of_Constant_Sorrow,14,27
Lisa the Veterinarian,https://simpsons.fandom.com/wiki/Lisa_the_Veterinarian,15,27
The Marge-ian Chronicles,https://simpsons.fandom.com/wiki/The_Marge-ian_Chronicles,16,27
The Burns Cage,https://simpsons.fandom.com/wiki/The_Burns_Cage,17,27
How Lisa Got Her Marge Back,https://simpsons.fandom.com/wiki/How_Lisa_Got_Her_Marge_Back,18,27
Fland Canyon,https://simpsons.fandom.com/wiki/Fland_Canyon,19,27
To Courier with Love,https://simpsons.fandom.com/wiki/To_Courier_with_Love,20,27
Simprovised,https://simpsons.fandom.com/wiki/Simprovised,21,27
Orange is the New Yellow,https://simpsons.fandom.com/wiki/Orange_is_the_New_Yellow,22,27
Monty Burns' Fleeing Circus,https://simpsons.fandom.com/wiki/Monty_Burns%27_Fleeing_Circus,1,28
Friends and Family,https://simpsons.fandom.com/wiki/Friends_and_Family,2,28
The Town,https://simpsons.fandom.com/wiki/The_Town,3,28
Treehouse of Horror XXVII,https://simpsons.fandom.com/wiki/Treehouse_of_Horror_XXVII,4,28
Trust But Clarify,https://simpsons.fandom.com/wiki/Trust_But_Clarify,5,28
There Will Be Buds,https://simpsons.fandom.com/wiki/There_Will_Be_Buds,6,28
Havana Wild Weekend,https://simpsons.fandom.com/wiki/Havana_Wild_Weekend,7,28
Dad Behavior,https://simpsons.fandom.com/wiki/Dad_Behavior,8,28
The Last Traction Hero,https://simpsons.fandom.com/wiki/The_Last_Traction_Hero,9,28
The Nightmare After Krustmas,https://simpsons.fandom.com/wiki/The_Nightmare_After_Krustmas,10,28
Pork and Burns,https://simpsons.fandom.com/wiki/Pork_and_Burns,11,28
The Great Phatsby,https://simpsons.fandom.com/wiki/The_Great_Phatsby,12,28
Fatzcarraldo,https://simpsons.fandom.com/wiki/Fatzcarraldo,13,28
The Cad and the Hat,https://simpsons.fandom.com/wiki/The_Cad_and_the_Hat,14,28
Kamp Krustier,https://simpsons.fandom.com/wiki/Kamp_Krustier,15,28
22 For 30,https://simpsons.fandom.com/wiki/22_For_30,16,28
A Father's Watch,https://simpsons.fandom.com/wiki/A_Father%27s_Watch,17,28
The Caper Chase,https://simpsons.fandom.com/wiki/The_Caper_Chase,18,28
Looking for Mr. Goodbart,https://simpsons.fandom.com/wiki/Looking_for_Mr._Goodbart,19,28
Moho House,https://simpsons.fandom.com/wiki/Moho_House,20,28
Dogtown,https://simpsons.fandom.com/wiki/Dogtown,21,28
